{
  "plain.minor": [
    1.123141610622406,
    1.33562628066901,
    1.499725960768186,
    1.2949212259716458,
    1.6017297764082212,
    1.9518429407706628,
    1.9972331126530964,
    2.096444586912791,
    1.6787047446784327,
    1.8131263003204807,
    1.4741508606317881,
    1.2696974140698793,
    1.462627938238241,
    1.6991087561946805,
    2.341173345978196,
    2.200912124580807,
    2.494511584440867,
    1.9083190160011179,
    2.0210880908099087,
    1.5599298784227082
  ],
  "plain.incremental": [
    0.21846110049416037,
    0.21074585914611815,
    0.24281070265971438,
    0.125144112855196,
    0.15983609208520852,
    0.14483769734700522,
    0.14440785877166257,
    0.1810527890920639,
    0.1524099822967283,
    0.11495235030140195,
    0.11823585492755295,
    0.1016207549531581,
    0.10166530839858516,
    0.0925080873927132,
    0.10920412754744627,
    0.12689780059613678,
    0.11361458471843175,
    0.07194063157746286,
    0.12164718874039189,
    0.10520229620092056
  ],
  "plain.major": [
    1.4547263165955902,
    1.139468252658844,
    0.9806909244271773,
    0.8401978034821768,
    0.7349903509020805,
    0.7685376386173436,
    0.8193414832504702,
    0.8233970080103193,
    0.863178151845932,
    0.8070069912708167,
    1.3431685979549701,
    0.9036955741735605,
    1.05111665725708,
    0.8640096095892099,
    0.8958704579960216,
    0.881720082801685,
    0.9131643412248144,
    0.8585223300116402,
    1.0304611338509453,
    0.9002007671764919
  ],
  "array.minor": [
    0.9838144128972833,
    1.1961059740611486,
    1.2410480013260474,
    1.5351195805951168,
    1.2777427434921265,
    1.3572537750005722,
    2.8493416786193846,
    2.8097832298278806,
    1.4284654896138078,
    1.956619143486023,
    2.296361967921257,
    1.6633388433816299,
    1.9441017276149686,
    2.356649740322216,
    1.5218825557015159,
    2.522233159769149,
    3.5248054994477167,
    2.299265838804699,
    3.3536649845084368,
    1.6790346882560037
  ],
  "array.incremental": [
    0.18203961476683617,
    0.1803085884653536,
    0.14434260636373283,
    0.18595633807691556,
    0.14817352959367094,
    0.11388166712111786,
    0.21991527456986276,
    0.23871604516996558,
    0.175968883529542,
    0.16275767939431326,
    0.13326182496657066,
    0.12335876355300078,
    0.09609062709505596,
    0.1356460518307156,
    0.09476569238698708,
    0.09252940495808919,
    0.13631641715765,
    0.07903270463685731,
    0.12212964782008419,
    0.10246336098873254
  ],
  "array.major": [
    1.3719370206197103,
    1.188715468753468,
    0.8883147555661489,
    0.7912891265004873,
    0.7635410751615251,
    0.8399178521973746,
    0.9956250659755019,
    1.163739174991459,
    0.8456758057198873,
    0.9624776535255964,
    2.054122990828294,
    0.8797500186496311,
    0.9094410262456755,
    0.8349413487870815,
    0.8456217580371432,
    6.084080149145687,
    0.8350278521761482,
    5.520398636658986,
    0.8968055390176319,
    0.8632411403315408
  ],
  "nested.minor": [
    1.0480767864930003,
    0.9392888353716943,
    1.7014882612228392,
    1.2297436179536763,
    1.0866480079190484,
    2.5245155709130422,
    2.015047134891633,
    0.9307225737078436,
    1.6702375540862213,
    1.4867523568017142,
    1.754608519149549,
    2.532459623673383,
    2.3896820294229606,
    2.732486132780711,
    1.961111560944588,
    1.85832596877042,
    1.2695070068041483,
    2.1502579642880346,
    4.346484313140044,
    2.035475524032817
  ],
  "nested.major": [
    3.8546541955735947,
    7.368924826383591,
    10.546027418933337,
    12.183816458727863,
    13.884889830099908,
    17.001953663960307,
    18.196443638286077,
    21.640285087870314,
    23.16333457139822,
    28.780743688344955,
    33.751390539937546,
    35.12115862924759,
    37.34162566810846,
    38.950411121050514,
    37.95598589432867,
    40.54117440325873,
    39.548277596352804,
    47.391478256003495,
    49.614644184479346,
    55.472727160299975
  ],
  "nested.incremental": [
    0.16878723353147507,
    0.26826291675715486,
    0.15585672855377197,
    0.05380350092182989,
    0.22695954369776178,
    0.14257939387175997,
    0.2484982893580482,
    0.10926899050965029,
    0.13152029173714774,
    0.17235423245672452,
    0.16969284735435297,
    0.29649832965881845,
    0.1614570450782776,
    0.15203791083270357,
    0.11749305327733357,
    0.11930904077446979,
    0.10858953194540055,
    0.18355932140350342,
    0.13004701208360125,
    0.23437894844427343
  ],
  "bunch.minor": [
    0.9549142543007346,
    0.985060453414917,
    0.8052216386795044,
    1.472526948268597,
    1.6803211350190013,
    3.4554988661327877,
    1.892541654407978,
    2.406856039592198,
    2.598858108391633,
    2.038626951830728,
    1.9885566792589553,
    2.282134175300598,
    2.295409467816353,
    2.605779057325319,
    2.5213119861407156,
    2.42291452925084,
    1.993643441620995,
    1.9904513915379842,
    2.173990014053526,
    1.9279013042864592
  ],
  "bunch.major": [
    1.7007230025656679,
    1.5831376355747844,
    1.3642312840717594,
    1.932462477684021,
    1.402982555218597,
    1.5704221637809979,
    1.4863428924534772,
    1.4759256175586155,
    1.2966548539698124,
    1.5240581053676028,
    1.2526316434618026,
    1.351773062119117,
    1.2379437836389693,
    1.5302722261797996,
    1.3492785427305434,
    1.3379393967715176,
    1.4095316982980985,
    1.3238547492671657,
    1.417116318979571,
    1.3192351814043723
  ],
  "bunch.incremental": [
    0.25519361355725456,
    0.14366720790986892,
    0.11301874262945992,
    0.12515813995290687,
    0.34118768223771107,
    0.16056385270336218,
    0.27124252870901305,
    0.20699177014416661,
    0.347675777616955,
    0.2050587744939895,
    0.15487334193015584,
    0.39391590739196203,
    0.2223093851958171,
    0.4023210462770964,
    0.2156944636142615,
    0.12058440691385514,
    0.19062199124268123,
    0.18386592995375395,
    0.20531918338893615,
    0.44908381847853074
  ],
  "bunch10.minor": [
    0.9081323918174294,
    1.209536497791608,
    1.6662845611572266,
    1.650487608379788,
    1.8203243983758461,
    1.4862376213073731,
    2.0173556346159716,
    1.3895537555217743,
    1.734927805458627,
    1.8070438616984599,
    1.7747766905360751,
    3.226743155910123,
    2.5845417280991874,
    2.134224534034729,
    2.3699974417686462,
    1.6728972446086794,
    1.9835901988877191,
    2.0463113220114457,
    1.9256993447031294,
    2.1540697515010834
  ],
  "bunch10.major": [
    3.6339023395251204,
    6.776175943542929,
    8.680096640036655,
    13.005540644250265,
    13.541378064432006,
    16.296717052658398,
    15.510889476624088,
    14.934868719688682,
    13.57293213880979,
    15.625451253141676,
    15.28449753277442,
    19.281835556030273,
    18.101177595663763,
    17.760230456337784,
    16.619182349979013,
    14.029001237795903,
    15.827899852795387,
    13.820169824820299,
    14.255885362625122,
    13.544879959801497
  ],
  "bunch10.incremental": [
    0.17029409536293574,
    0.19455410321553548,
    0.20900265011988894,
    0.139916669163439,
    0.1594114484531539,
    0.1647256486784152,
    0.1384144602595149,
    0.1265264944460407,
    0.19589141420289582,
    0.15383256932963496,
    0.2136406672967447,
    0.2430638240986183,
    0.32444093953008235,
    0.2714280972787,
    0.17564527427448945,
    0.19755904391260432,
    0.17091440933722038,
    0.12419827817713172,
    0.12014027304119534,
    0.12989649827452912
  ]
}