{
  "array": [
    1.7527246475219727,
    1.145947740433064,
    1.014313239317674,
    0.8136366174576131,
    0.7527159344066273,
    0.6516078500186696,
    1.2587125205993652,
    1.2892291831970215,
    0.7846355438232422,
    0.815271645784378,
    0.7853117307027181,
    0.8389374679989285,
    0.8229461843317205,
    0.8701958936803481,
    0.9240426150235262,
    0.90523362159729,
    0.8849623610333699,
    1.0499776431492396,
    1.0938213212149483,
    1.0231942885961287
  ],
  "plain": [
    1.270456883215135,
    1.1482655112423115,
    1.546355100778433,
    1.2141349029541015,
    0.7490119934082031,
    0.6873608041316905,
    0.7434394944388911,
    0.7668246305905856,
    0.7946242832002186,
    0.8652489938234028,
    0.857603666917333,
    0.9303569936040622,
    0.8889787392538102,
    0.8517941144796518,
    0.8817110948784407,
    0.943102773030599,
    0.9613186597824097,
    3.1751830918448314,
    1.107646694889775,
    1.036149001121521
  ],
  "nested": [
    4.366112914266465,
    8.233253070286342,
    11.209420271087112,
    14.575459480285645,
    16.802666704995293,
    20.87003287247249,
    20.77760888819109,
    26.373423876081194,
    28.0952860460443,
    30.03716598238264,
    31.51845982200221,
    35.10822501182556,
    37.23159045503851,
    38.14921362059457,
    40.9287120444434,
    43.39245902167426,
    44.5553378037044,
    47.78202398006733,
    48.70139778784986,
    47.84541520365962
  ],
  "bunchNested": [
    3.78031720525475,
    7.432635595510294,
    9.42035098762616,
    12.557597309350967,
    15.280805926534194,
    14.606226053046084,
    16.409318909431114,
    15.604281384650974,
    17.593861165973877,
    18.18082637768803,
    18.194223803858602,
    16.119853817704897,
    18.199619166667645,
    16.975542248974385,
    15.160751773629869,
    16.416647431483636,
    16.954483526093618,
    16.757762248398826,
    14.035006955717549,
    13.208456485560447
  ]
}